{
  "schema": "tutbooks.book.v1",
  "id": "tutorials",
  "title": "Tutorial Book",
  "subtitle": "",
  "author": "",
  "version": "",
  "mod": "HyProTech",
  "lang": "en",
  "theme": {},
  "pages": [
    {
      "id": "main",
      "layout": "text-text",
      "blocks": [
        {
          "type": "image",
          "id": "bf99157c-8aaf-4ce5-a937-2aefa3145a77",
          "text": "Text",
          "src": "Pages/hYPROtECHLOGO.png",
          "width": 400,
          "height": 200,
          "url": "https://example.com",
          "x": 1,
          "y": 0
        },
        {
          "type": "text",
          "id": "1373c4a6-cee6-44c0-abfe-3273272f2809",
          "text": "Lorem Ipsum is simply dummy text of the printing and typesetting industry. Lorem Ipsum has been the industry's standard dummy text ever since the 1500s, when an unknown printer took a galley of type and scrambled it to make a type specimen book. It has survived not only five centuries, but also the leap into electronic typesetting, remaining essentially unchanged. It was popularised in the 1960s with the release of Letraset sheets containing Lorem Ipsum passages, and more recently with desktop publishing software like Aldus PageMaker including versions of Lorem Ipsum.",
          "src": "",
          "width": 400,
          "height": 300,
          "url": "https://example.com",
          "x": null,
          "y": 262
        },
        {
          "type": "title",
          "id": "ae8512ab-ef34-4341-922d-03a81c86d9e8",
          "text": "What is Lorem Ipsum?",
          "src": "",
          "width": 180,
          "height": 48,
          "url": "https://example.com",
          "x": 0,
          "y": 200,
          "bold": true
        },
        {
          "type": "button",
          "id": "86824f23-bc0a-47ce-9899-118e02bcc67b",
          "text": "BASIC - BUTTON",
          "src": "",
          "width": 150,
          "height": 16,
          "url": "https://example.com",
          "x": 510,
          "color": "#4287f5",
          "bold": true,
          "y": 18,
          "action": {
            "type": "goto",
            "page": "basic"
          }
        },
        {
          "id": "d31e6253-79c1-465b-916c-3d062ba3bbae",
          "type": "image",
          "side": "right",
          "x": 9,
          "y": 6,
          "width": 40,
          "height": 40,
          "text": "Text",
          "src": "Pages/id-card.png",
          "itemId": "hytale:stone",
          "url": "https://example.com",
          "options": "Option A\nOption B",
          "action": null,
          "color": "#1a1a1a",
          "fontSize": 16,
          "bold": false,
          "italic": false,
          "font": ""
        },
        {
          "id": "cff6c0c9-276d-4e36-aea9-f072fab710bb",
          "type": "text",
          "side": "right",
          "x": 0,
          "y": 67,
          "width": 440,
          "height": 500,
          "text": "Maecenas id finibus sapien. Ut sed faucibus tortor. Fusce tortor quam, consequat eu tortor nec, aliquet malesuada ipsum. Fusce congue ante at facilisis dictum. Donec volutpat ipsum at venenatis aliquam. Quisque aliquet varius porta. Maecenas sollicitudin sapien leo, eu vestibulum eros interdum non. Praesent semper pharetra est, ac blandit augue rhoncus non. Sed cursus nulla eros, non eleifend nulla finibus ut. Proin at dapibus metus. Curabitur a sapien massa. Aenean id arcu non elit accumsan tempor. Donec tempus, ante quis vestibulum iaculis, lacus lacus pharetra orci, finibus ornare massa mi congue urna. Donec sed arcu nec mauris suscipit feugiat.  Nam at lacinia risus. Nulla sed tellus ut nisi viverra maximus at eget elit. Cras suscipit maximus eros, quis finibus risus ullamcorper iaculis. Vestibulum fringilla interdum purus ac commodo. Aliquam vulputate urna eu ipsum suscipit, at tempor ligula scelerisque. Donec euismod eget dolor a volutpat. Quisque pellentesque laoreet mi, ut posuere sapien lobortis consectetur. Sed egestas dui at sem venenatis pretium. Vivamus vehicula enim tellus, sit amet tempus mi interdum suscipit.",
          "src": "",
          "itemId": "hytale:stone",
          "url": "https://example.com",
          "options": "Option A\nOption B",
          "action": null,
          "color": "#1a1a1a",
          "fontSize": 16,
          "bold": false,
          "italic": false,
          "font": ""
        }
      ]
    },
    {
      "id": "basic",
      "layout": "text-text",
      "blocks": [
        {
          "type": "image",
          "id": "d682b904-63eb-4e07-b8e2-8496bc2c4470",
          "text": "Text",
          "src": "Pages/LEFT.png",
          "width": 200,
          "height": 500,
          "url": "https://example.com",
          "x": 85,
          "y": null
        },
        {
          "id": "5820496e-324a-4417-a7ec-51a413e0f134",
          "type": "text",
          "side": "right",
          "x": 0,
          "y": 0,
          "width": 436,
          "height": 550,
          "text": "It is a long established fact that a reader will be distracted by the readable content of a page when looking at its layout. The point of using Lorem Ipsum is that it has a more-or-less normal distribution of letters, as opposed to using 'Content here, content here', making it look like readable English. Many desktop publishing packages and web page editors now use Lorem Ipsum as their default model text, and a search for 'lorem ipsum' will uncover many web sites still in their infancy. Various versions have evolved over the years, sometimes by accident, sometimes on purpose (injected humour and the like). Contrary to popular belief, Lorem Ipsum is not simply random text. It has roots in a piece of classical Latin literature from 45 BC, making it over 2000 years old. Richard McClintock, a Latin professor at Hampden-Sydney College in Virginia, looked up one of the more obscure Latin words, consectetur, from a Lorem Ipsum passage, and going through the cites of the word in classical literature, discovered the undoubtable source. Lorem Ipsum comes from sections 1.10.32 and 1.10.33 of \"de Finibus Bonorum et Malorum\" (The Extremes of Good and Evil) by Cicero, written in 45 BC. This book is a treatise on the theory ",
          "src": "",
          "itemId": "hytale:stone",
          "url": "https://example.com",
          "options": "Option A\nOption B",
          "action": null,
          "color": "#1a1a1a",
          "fontSize": 16,
          "bold": false,
          "italic": false,
          "font": ""
        }
      ]
    }
  ]
}